id,first_name,last_name,email,gender,ip_address
1,Zolly,Grose,zgrose0@themeforest.net,Male,231.126.25.138
2,Jemie,Noli,jnoli1@linkedin.com,Female,79.147.186.76
3,Maridel,Stanyer,mstanyer2@dedecms.com,Female,252.45.137.171
4,Jenine,MacKaig,jmackaig3@themeforest.net,Polygender,134.51.170.150
5,Cordy,Davys,cdavys4@bravesites.com,Male,196.0.61.100
6,Glori,Beetles,gbeetles5@umich.edu,Female,113.86.245.244
7,Pearce,Slemming,pslemming6@wikipedia.org,Male,62.224.100.92
8,Rodi,Maciejewski,rmaciejewski7@go.com,Female,181.10.106.218
9,Godiva,Limb,glimb8@nhs.uk,Female,146.55.168.254
10,Flora,Cuthill,fcuthill9@symantec.com,Female,74.254.206.91
11,Sigismund,Bellham,sbellhama@yahoo.com,Male,188.133.192.176
12,Kally,Dybell,kdybellb@dmoz.org,Non-binary,232.235.125.134
13,Gerianna,Mersey,gmerseyc@pen.io,Female,42.187.14.235
14,Ash,Chanders,achandersd@reverbnation.com,Male,255.189.123.29
15,Cordell,Aleshkov,caleshkove@businessweek.com,Male,250.206.110.10
16,Eugene,Cohr,ecohrf@instagram.com,Male,204.57.216.178
17,Arlena,Clutton,acluttong@fda.gov,Female,51.249.147.189
18,Sibyl,Canniffe,scanniffeh@accuweather.com,Male,109.167.101.209
19,Brewster,Colerick,bcolericki@cam.ac.uk,Male,77.82.68.159
20,Ashil,Rushford,arushfordj@google.co.uk,Female,158.235.21.156
21,Humfrey,Purviss,hpurvissk@infoseek.co.jp,Male,177.187.197.37
22,Theodore,Grewe,tgrewel@furl.net,Male,218.212.9.34
23,Jeffy,Rapinett,jrapinettm@prnewswire.com,Male,114.204.1.249
24,Hermy,Cappell,hcappelln@tmall.com,Male,81.222.73.139
25,Casie,Kilmurray,ckilmurrayo@newyorker.com,Female,142.16.99.134
26,Thedrick,Laydel,tlaydelp@infoseek.co.jp,Male,29.89.51.71
27,Haywood,Piwell,hpiwellq@businesswire.com,Bigender,70.246.65.54
28,Sharl,Gilyatt,sgilyattr@cyberchimps.com,Female,240.119.89.139
29,Geordie,Terbruggen,gterbruggens@rambler.ru,Male,180.243.32.51
30,Gradey,Dimbylow,gdimbylowt@nationalgeographic.com,Male,22.137.36.168
31,Garrett,Lenglet,glengletu@flickr.com,Male,122.16.250.82
32,Frederich,Arstingall,farstingallv@bigcartel.com,Male,55.161.8.120
33,Gavan,Couve,gcouvew@who.int,Male,53.221.55.88
34,Gerard,Milner,gmilnerx@answers.com,Male,219.122.147.181
35,Adriena,Walicki,awalickiy@usgs.gov,Female,138.52.70.218
36,Wilfred,Marunchak,wmarunchakz@etsy.com,Male,226.27.7.235
37,Nestor,Falkingham,nfalkingham10@aol.com,Male,252.88.37.151
38,Solomon,Cordel,scordel11@java.com,Male,107.55.109.130
39,Rivy,Castagneri,rcastagneri12@booking.com,Female,1.179.50.66
40,Traver,Benit,tbenit13@state.gov,Male,78.30.68.161
41,Hendrik,Routham,hroutham14@constantcontact.com,Male,237.154.5.25
42,Pen,Pendleberry,ppendleberry15@amazon.de,Male,66.142.75.7
43,Isidro,Gisborne,igisborne16@who.int,Male,70.99.159.152
44,Sheela,Faucherand,sfaucherand17@wix.com,Female,96.61.24.130
45,Antonie,Hebdon,ahebdon18@dion.ne.jp,Female,200.48.253.7
46,Corinne,Abramin,cabramin19@dion.ne.jp,Female,155.55.150.47
47,Timmy,Jouannot,tjouannot1a@columbia.edu,Male,52.121.224.212
48,Cirillo,Offield,coffield1b@dyndns.org,Male,170.110.142.9
49,Dore,Sneath,dsneath1c@state.tx.us,Female,17.197.196.216
50,Vail,Guinane,vguinane1d@issuu.com,Male,248.231.38.158
51,Dorella,Golsworthy,dgolsworthy1e@hibu.com,Female,140.139.79.113
52,Garald,Fechnie,gfechnie1f@lycos.com,Male,2.78.0.247
53,Rhianna,Kunes,rkunes1g@census.gov,Female,171.2.9.245
54,Agata,Madine,amadine1h@amazonaws.com,Female,217.83.240.79
55,Sammy,Habbert,shabbert1i@dot.gov,Female,225.187.43.111
56,Cleon,Falloon,cfalloon1j@yelp.com,Polygender,236.39.193.21
57,Piggy,Robilart,probilart1k@upenn.edu,Male,50.7.112.12
58,Darrin,Ashborn,dashborn1l@nymag.com,Genderfluid,171.159.161.45
59,Jaclyn,Rilings,jrilings1m@dot.gov,Female,132.151.4.33
60,Kory,Guirard,kguirard1n@unesco.org,Male,221.245.98.30
61,Tresa,Britee,tbritee1o@friendfeed.com,Female,87.211.196.255
62,Marie-ann,Mitrikhin,mmitrikhin1p@de.vu,Female,223.16.252.164
63,Kaitlynn,Gorden,kgorden1q@usda.gov,Female,169.146.38.21
64,Darice,Iskowitz,diskowitz1r@delicious.com,Female,65.124.75.64
65,Phyllida,Roddie,proddie1s@squarespace.com,Female,234.212.180.225
66,Quill,Kealy,qkealy1t@techcrunch.com,Male,108.111.46.78
67,Lesley,Carville,lcarville1u@princeton.edu,Bigender,180.108.38.216
68,Hunter,Sporton,hsporton1v@timesonline.co.uk,Male,159.255.190.231
69,Irene,Gettone,igettone1w@nsw.gov.au,Female,249.201.201.0
70,Clyde,Hardi,chardi1x@ehow.com,Male,36.182.80.88
71,Sidonnie,Haskey,shaskey1y@gov.uk,Female,5.170.63.122
72,Roderigo,Thornton,rthornton1z@google.fr,Male,192.108.59.205
73,Brit,Zuenelli,bzuenelli20@nasa.gov,Male,94.142.145.148
74,Hamel,Jarred,hjarred21@acquirethisname.com,Male,174.192.9.216
75,Zebulen,Mattersley,zmattersley22@dropbox.com,Male,63.197.125.75
76,Monte,Haycock,mhaycock23@wufoo.com,Male,101.68.54.95
77,Kerby,Cornillot,kcornillot24@simplemachines.org,Male,174.0.127.137
78,Delbert,Challener,dchallener25@google.cn,Male,141.233.104.115
79,Gail,Guirau,gguirau26@illinois.edu,Male,167.196.216.246
80,Glyn,Erik,gerik27@army.mil,Female,70.67.16.6
81,Gareth,Farres,gfarres28@yelp.com,Male,10.222.231.195
82,Craig,Britzius,cbritzius29@merriam-webster.com,Male,77.254.145.46
83,Orelia,Standbrook,ostandbrook2a@pen.io,Female,11.254.125.7
84,Cristie,Broomhall,cbroomhall2b@tiny.cc,Female,78.37.251.206
85,Forest,Hullock,fhullock2c@domainmarket.com,Male,64.82.125.55
86,Lian,Hartland,lhartland2d@de.vu,Female,125.183.49.85
87,Jenilee,Van der Spohr,jvanderspohr2e@quantcast.com,Genderfluid,242.188.118.176
88,Yehudi,Vance,yvance2f@irs.gov,Male,113.146.60.203
89,Crichton,Benbow,cbenbow2g@csmonitor.com,Male,11.226.181.237
90,Faber,Prettyjohn,fprettyjohn2h@meetup.com,Male,79.92.41.43
91,Rourke,Orton,rorton2i@indiatimes.com,Male,59.235.66.203
92,Talyah,Cochet,tcochet2j@usgs.gov,Female,6.186.141.209
93,Malissa,Dybell,mdybell2k@newsvine.com,Female,229.112.68.24
94,Lorenzo,Lambert-Ciorwyn,llambertciorwyn2l@webnode.com,Male,171.221.61.204
95,Amory,Jaye,ajaye2m@accuweather.com,Genderfluid,80.155.181.111
96,Orelie,Russilll,orussilll2n@va.gov,Female,100.174.69.219
97,Nerissa,Senten,nsenten2o@washingtonpost.com,Female,7.155.234.173
98,Nickola,Seedman,nseedman2p@amazon.co.jp,Male,61.251.53.101
99,Hanny,Paulmann,hpaulmann2q@jugem.jp,Female,151.189.252.131
100,Andria,Mathie,amathie2r@china.com.cn,Female,117.216.96.59
101,Kerry,Battlestone,kbattlestone2s@smugmug.com,Male,151.182.137.7
102,Joly,Gorler,jgorler2t@webs.com,Female,73.14.205.35
103,Kristy,Thow,kthow2u@sciencedirect.com,Female,229.74.185.127
104,Nickie,Dayne,ndayne2v@oaic.gov.au,Male,1.120.149.150
105,Portia,Coumbe,pcoumbe2w@linkedin.com,Female,117.142.96.245
106,Raquela,Audritt,raudritt2x@comsenz.com,Female,98.63.54.253
107,Dora,Hatrick,dhatrick2y@miitbeian.gov.cn,Genderfluid,169.126.209.101
108,Juanita,Streak,jstreak2z@google.pl,Female,233.46.107.141
109,Kevan,Carnelley,kcarnelley30@topsy.com,Male,88.177.115.165
110,Eduino,Comelli,ecomelli31@jiathis.com,Male,123.201.65.185
111,Waylan,Marchant,wmarchant32@arizona.edu,Male,166.69.187.193
112,Gray,Srutton,gsrutton33@shinystat.com,Male,206.187.227.220
113,Art,Kolakowski,akolakowski34@fastcompany.com,Male,28.158.29.66
114,Chadd,Seamen,cseamen35@woothemes.com,Male,199.58.105.52
115,Briant,Dell Casa,bdellcasa36@networksolutions.com,Male,9.61.117.189
116,Gill,Moden,gmoden37@unesco.org,Agender,83.197.21.74
117,Tremaine,Lidington,tlidington38@hugedomains.com,Male,66.180.180.200
118,Godwin,Stenners,gstenners39@dmoz.org,Male,69.102.186.94
119,Davis,Bence,dbence3a@tripod.com,Male,224.46.29.210
120,Beverley,Raine,braine3b@usnews.com,Female,140.71.121.249
121,Wallie,Normansell,wnormansell3c@flickr.com,Female,82.149.188.104
122,Penny,Wyd,pwyd3d@globo.com,Male,132.85.101.226
123,Mathian,Handke,mhandke3e@google.fr,Male,232.47.239.149
124,Lian,Grouvel,lgrouvel3f@rediff.com,Female,0.43.56.25
125,Doloritas,Rebillard,drebillard3g@technorati.com,Female,184.209.191.113
126,Anatol,Mingardo,amingardo3h@github.io,Male,100.180.126.219
127,Ernestus,Jachimiak,ejachimiak3i@sourceforge.net,Male,131.104.199.132
128,Sterne,Dorrins,sdorrins3j@tripadvisor.com,Male,40.21.162.234
129,Hernando,Briars,hbriars3k@blogspot.com,Male,225.21.9.214
130,Maribeth,MacColm,mmaccolm3l@myspace.com,Female,211.93.187.172
131,Travis,Thies,tthies3m@house.gov,Male,130.157.251.245
132,Merrill,Schofield,mschofield3n@ebay.co.uk,Female,131.27.53.238
133,Barbaraanne,Ismay,bismay3o@webmd.com,Female,45.161.39.89
134,Jedd,Harle,jharle3p@livejournal.com,Male,147.165.223.94
135,Quinlan,Edlyn,qedlyn3q@google.de,Male,208.44.24.35
136,Linc,Magner,lmagner3r@cbsnews.com,Male,27.102.133.181
137,Barton,Loynes,bloynes3s@cpanel.net,Genderfluid,6.197.216.173
138,Garrek,Willmer,gwillmer3t@nbcnews.com,Male,134.63.84.26
139,Broderic,Varley,bvarley3u@purevolume.com,Male,231.187.126.217
140,Mignon,Sommerly,msommerly3v@dropbox.com,Female,225.46.99.81
141,Germana,Venny,gvenny3w@goo.gl,Female,20.18.221.209
142,Bernadene,MacWhirter,bmacwhirter3x@tumblr.com,Genderfluid,183.45.255.53
143,Neville,Kneaphsey,nkneaphsey3y@linkedin.com,Male,87.213.47.144
144,Ilysa,Yeskin,iyeskin3z@facebook.com,Female,173.214.198.217
145,Jorgan,Howlin,jhowlin40@theglobeandmail.com,Male,2.222.65.174
146,Israel,Espinay,iespinay41@shareasale.com,Male,164.109.30.107
147,Emanuel,Kerss,ekerss42@nytimes.com,Male,221.252.123.70
148,Greggory,Rudderham,grudderham43@cbc.ca,Male,87.150.22.56
149,Meg,Finlry,mfinlry44@tripadvisor.com,Female,139.101.203.135
150,Reidar,D'Antuoni,rdantuoni45@geocities.jp,Agender,7.104.181.81
151,Antone,Bearcroft,abearcroft46@issuu.com,Male,98.170.55.233
152,Noel,Heintzsch,nheintzsch47@purevolume.com,Male,155.126.54.192
153,Fernando,Moralas,fmoralas48@guardian.co.uk,Male,82.198.35.40
154,Currey,McTurk,cmcturk49@deviantart.com,Male,240.100.55.61
155,Vincents,Kell,vkell4a@cbc.ca,Male,121.249.201.72
156,Gale,Robak,grobak4b@dropbox.com,Male,209.99.139.175
157,Pryce,McWhorter,pmcwhorter4c@weibo.com,Male,234.168.41.97
158,Ronda,Blackburne,rblackburne4d@google.com.hk,Female,140.139.172.151
159,Hailey,Stickins,hstickins4e@prlog.org,Male,48.61.117.54
160,Gradey,Witherop,gwitherop4f@seattletimes.com,Male,129.146.124.138
161,Kenny,Harmstone,kharmstone4g@liveinternet.ru,Male,222.51.200.152
162,Alberta,Comizzoli,acomizzoli4h@dailymotion.com,Female,112.103.240.40
163,Ware,Foucard,wfoucard4i@spiegel.de,Bigender,192.119.20.47
164,Herby,Velareal,hvelareal4j@desdev.cn,Male,107.24.64.121
165,Golda,Cluley,gcluley4k@hexun.com,Female,178.246.166.166
166,Emilio,Belloch,ebelloch4l@mtv.com,Male,27.20.1.228
167,Pip,Oager,poager4m@altervista.org,Male,167.242.125.171
168,Rodolfo,Ochterlony,rochterlony4n@weather.com,Male,188.207.196.131
169,Marys,Crosswaite,mcrosswaite4o@shinystat.com,Female,36.253.132.143
170,Arda,Sertin,asertin4p@senate.gov,Female,69.213.126.244
171,Roby,Rubel,rrubel4q@angelfire.com,Female,115.249.200.230
172,Danny,Fitzer,dfitzer4r@meetup.com,Male,122.150.147.247
173,Becki,Hann,bhann4s@addthis.com,Female,177.179.202.204
174,Bengt,Grewer,bgrewer4t@shareasale.com,Male,254.236.57.48
175,Rutherford,Seleway,rseleway4u@tripadvisor.com,Male,221.229.84.91
176,Maridel,Osbidston,mosbidston4v@drupal.org,Female,9.224.104.223
177,Hailey,Manssuer,hmanssuer4w@nymag.com,Male,143.52.59.45
178,Irina,Nisuis,inisuis4x@mashable.com,Female,238.159.121.110
179,Jordain,Parke,jparke4y@vk.com,Female,49.66.26.244
180,Bryana,Finan,bfinan4z@devhub.com,Female,162.161.240.129
181,Denny,Pashby,dpashby50@bbb.org,Male,88.206.161.126
182,Stevena,Elnaugh,selnaugh51@paypal.com,Female,146.220.244.115
183,Myrtle,Hynson,mhynson52@reference.com,Female,133.45.62.166
184,Alfy,Keeney,akeeney53@ocn.ne.jp,Female,247.241.51.39
185,Erin,Godding,egodding54@g.co,Female,85.232.43.75
186,Amelina,Maffucci,amaffucci55@java.com,Female,65.116.177.254
187,Ogdon,McNeil,omcneil56@hugedomains.com,Male,190.223.247.229
188,Crawford,Abbison,cabbison57@ihg.com,Male,121.243.121.96
189,Ronnica,Winham,rwinham58@engadget.com,Agender,35.159.80.79
190,Robbie,Allsup,rallsup59@va.gov,Female,119.225.40.248
191,Ysabel,Quan,yquan5a@gnu.org,Female,193.155.78.78
192,Barny,Smallcombe,bsmallcombe5b@zimbio.com,Male,101.87.218.241
193,Kial,Sawnwy,ksawnwy5c@networksolutions.com,Female,47.7.70.167
194,Calhoun,Librey,clibrey5d@wsj.com,Male,104.194.150.166
195,Weidar,Boyett,wboyett5e@wufoo.com,Male,188.241.193.126
196,Stephen,Camerello,scamerello5f@admin.ch,Male,224.120.48.241
197,Gerry,Hadley,ghadley5g@woothemes.com,Genderqueer,239.243.130.228
198,Eduardo,Bulter,ebulter5h@ft.com,Bigender,45.188.14.109
199,Harley,Hallbord,hhallbord5i@bloglines.com,Female,115.43.185.3
200,Chrystel,Saddler,csaddler5j@about.me,Female,96.3.252.54
201,Fernanda,Pennell,fpennell5k@barnesandnoble.com,Female,113.98.227.69
202,Brear,Garlicke,bgarlicke5l@narod.ru,Bigender,252.166.119.148
203,Jard,Lutzmann,jlutzmann5m@nymag.com,Polygender,171.159.116.4
204,Gabbey,Aartsen,gaartsen5n@arstechnica.com,Female,219.178.18.79
205,Danice,Pantling,dpantling5o@jalbum.net,Female,177.135.131.172
206,Sandy,Pendergast,spendergast5p@hubpages.com,Male,134.203.139.215
207,Agnella,Trew,atrew5q@state.tx.us,Female,209.183.178.112
208,Adriane,Winchcombe,awinchcombe5r@comsenz.com,Female,101.242.45.215
209,Augie,Goundsy,agoundsy5s@nyu.edu,Male,19.82.185.57
210,Rafi,Bassford,rbassford5t@cmu.edu,Male,161.212.49.179
211,Minette,Larvent,mlarvent5u@ted.com,Female,235.75.142.23
212,Karoline,Heinz,kheinz5v@microsoft.com,Female,216.160.43.124
213,Diena,Belfrage,dbelfrage5w@wikimedia.org,Female,73.151.4.191
214,Claudetta,Paulou,cpaulou5x@gravatar.com,Female,213.18.117.39
215,Andres,MacParlan,amacparlan5y@1und1.de,Genderfluid,254.213.220.144
216,Willow,Magauran,wmagauran5z@google.com.br,Female,181.128.183.90
217,Winston,Stogill,wstogill60@vkontakte.ru,Male,94.150.170.65
218,Madelaine,Bausmann,mbausmann61@ucsd.edu,Female,205.70.223.233
219,Casar,Lyddiard,clyddiard62@senate.gov,Male,219.15.62.19
220,Tome,Vane,tvane63@house.gov,Agender,207.195.34.123
221,Maureene,Newrick,mnewrick64@mashable.com,Female,25.150.25.83
222,Tatiana,Records,trecords65@liveinternet.ru,Female,247.45.129.252
223,Maude,Verrechia,mverrechia66@ihg.com,Female,236.32.172.11
224,Amos,Mushart,amushart67@prnewswire.com,Male,217.225.254.124
225,Eddie,Pudden,epudden68@discuz.net,Male,208.180.50.76
226,Selene,Kubczak,skubczak69@arizona.edu,Female,113.209.214.79
227,Vladamir,Sphinxe,vsphinxe6a@latimes.com,Male,40.113.176.0
228,Calvin,McCerery,cmccerery6b@illinois.edu,Male,99.139.56.129
229,Brandi,Follos,bfollos6c@skyrock.com,Non-binary,84.48.61.62
230,Ella,Sterte,esterte6d@wordpress.org,Female,226.106.233.40
231,Jennine,Jasik,jjasik6e@godaddy.com,Female,248.211.84.133
232,Belinda,Meehan,bmeehan6f@nbcnews.com,Female,204.79.55.229
233,Tomlin,Frantsev,tfrantsev6g@ucsd.edu,Male,240.123.231.46
234,Blair,Mille,bmille6h@ameblo.jp,Agender,17.28.132.81
235,Ryann,Stanfield,rstanfield6i@booking.com,Genderfluid,234.137.218.242
236,Giacomo,Penquet,gpenquet6j@cnn.com,Male,13.167.132.66
237,Nedi,Bernardt,nbernardt6k@eepurl.com,Female,10.213.169.103
238,Correy,Strood,cstrood6l@phoca.cz,Female,152.147.155.136
239,Steward,Simkins,ssimkins6m@hud.gov,Male,139.121.90.41
240,Bran,Shipston,bshipston6n@list-manage.com,Male,209.26.46.180
241,Rance,Loudian,rloudian6o@yellowbook.com,Male,210.167.18.203
242,Yasmeen,Budibent,ybudibent6p@apache.org,Female,111.145.178.80
243,Gaynor,Axtens,gaxtens6q@prweb.com,Female,104.23.25.178
244,Kala,Kundert,kkundert6r@wordpress.org,Genderfluid,76.179.15.224
245,Olivie,Fruish,ofruish6s@bizjournals.com,Female,207.167.170.173
246,Robby,Littlechild,rlittlechild6t@nba.com,Male,243.169.46.65
247,Ruby,Pund,rpund6u@webmd.com,Male,160.211.201.87
248,Allina,Robbins,arobbins6v@mail.ru,Female,76.36.6.252
249,Melinde,Cuckson,mcuckson6w@statcounter.com,Female,36.71.131.144
250,Ynes,Eden,yeden6x@nih.gov,Female,193.225.20.26
251,Jennette,Hanbury,jhanbury6y@weibo.com,Female,20.102.232.15
252,Ketti,Haliburton,khaliburton6z@upenn.edu,Non-binary,226.185.7.74
253,Cordy,Giriardelli,cgiriardelli70@eepurl.com,Female,146.12.235.28
254,Annice,Sains,asains71@friendfeed.com,Female,243.55.15.5
255,Drake,Shelp,dshelp72@skyrock.com,Bigender,60.210.33.135
256,Ian,Gauntley,igauntley73@lycos.com,Male,163.249.16.6
257,Maggy,Paolotto,mpaolotto74@freewebs.com,Female,233.166.201.3
258,Sancho,Dunthorn,sdunthorn75@github.io,Male,32.33.13.118
259,Merrick,Duffett,mduffett76@nbcnews.com,Male,58.102.48.10
260,Prissie,Peakman,ppeakman77@time.com,Female,200.25.35.135
261,Michal,Doudny,mdoudny78@webmd.com,Male,67.143.32.3
262,Talia,Egdell,tegdell79@google.it,Female,222.215.38.137
263,Templeton,Gawthorp,tgawthorp7a@hc360.com,Male,214.93.172.183
264,Bernice,Croyden,bcroyden7b@fastcompany.com,Female,37.209.235.183
265,Arvin,Salterne,asalterne7c@state.gov,Male,12.33.19.198
266,Brennan,Lebond,blebond7d@dot.gov,Male,69.87.222.173
267,Sydney,Goalby,sgoalby7e@answers.com,Male,78.191.242.173
268,Evelyn,McMurty,emcmurty7f@pinterest.com,Male,189.26.231.3
269,Odelia,Ibbison,oibbison7g@drupal.org,Female,251.101.46.184
270,Garrard,McKinstry,gmckinstry7h@cbc.ca,Non-binary,171.239.51.83
271,Shane,Capron,scapron7i@telegraph.co.uk,Male,70.119.54.41
272,Brian,Snashall,bsnashall7j@tripadvisor.com,Polygender,172.19.57.219
273,Guthrey,Pirelli,gpirelli7k@geocities.com,Male,250.203.156.59
274,Maryanne,Leggan,mleggan7l@yellowpages.com,Female,249.49.154.128
275,Hastie,Grassot,hgrassot7m@telegraph.co.uk,Male,174.197.138.5
276,Madge,Eddicott,meddicott7n@pinterest.com,Female,46.56.157.246
277,Angelina,Badby,abadby7o@hud.gov,Female,250.98.99.221
278,Bone,Parfitt,bparfitt7p@hibu.com,Male,115.143.121.72
279,Jocelin,Esparza,jesparza7q@npr.org,Female,111.65.183.153
280,Bonni,Bulstrode,bbulstrode7r@ftc.gov,Female,69.6.31.151
281,Hewe,Studart,hstudart7s@ucoz.com,Male,107.206.191.34
282,Esta,Kayley,ekayley7t@devhub.com,Female,119.15.24.97
283,Raynor,Hrinchenko,rhrinchenko7u@chicagotribune.com,Male,147.114.191.110
284,Birgitta,Winchcum,bwinchcum7v@google.pl,Female,14.153.207.236
285,Annabal,D'Hooge,adhooge7w@blogspot.com,Agender,195.190.9.188
286,Millie,Fonquernie,mfonquernie7x@livejournal.com,Female,197.189.215.38
287,Carlota,Bishell,cbishell7y@desdev.cn,Female,179.28.0.188
288,Ricardo,Follos,rfollos7z@blog.com,Male,49.118.192.143
289,Alfie,Fagence,afagence80@squidoo.com,Female,155.143.180.100
290,Bennie,Emmet,bemmet81@tinyurl.com,Male,115.246.74.108
291,Arny,Clutheram,aclutheram82@bbc.co.uk,Male,28.98.148.238
292,Dania,Arson,darson83@vistaprint.com,Female,236.27.73.22
293,Mellicent,Alkin,malkin84@wsj.com,Female,156.15.124.173
294,Mabel,Hallgate,mhallgate85@merriam-webster.com,Female,217.192.45.53
295,Randie,Deniseau,rdeniseau86@yelp.com,Male,25.84.45.32
296,Kirsti,MacLaverty,kmaclaverty87@flickr.com,Female,21.219.203.79
297,Christal,Serjent,cserjent88@dmoz.org,Female,244.43.197.2
298,Lennie,Rankcom,lrankcom89@wiley.com,Male,34.253.24.24
299,Jannelle,Pounsett,jpounsett8a@plala.or.jp,Polygender,229.41.88.27
300,Lind,Edlyne,ledlyne8b@engadget.com,Male,79.213.181.155
